City_ID,City,Country,Lat,Lng,Max Temp,Humidity,Cloudiness,Wind Speed,Current Description
0,Atuona,PF,-9.8,-139.0333,77.07,80,31,14.16,scattered clouds
1,Honiara,SB,-9.4333,159.95,83.91,71,1,5.1,clear sky
2,Agutaya,PH,11.148,120.9417,83.68,78,100,16.11,moderate rain
3,Kavieng,PG,-2.5744,150.7967,83.64,73,44,7.25,light rain
4,Hermanus,ZA,-34.4187,19.2345,53.91,83,11,6.82,few clouds
5,Tuktoyaktuk,CA,69.4541,-133.0374,60.8,88,90,10.36,overcast clouds
6,Port Macquarie,AU,-31.4333,152.9167,49.89,41,0,4.68,clear sky
7,Andenes,NO,69.3143,16.1194,49.98,87,83,23.02,broken clouds
8,Itarema,BR,-2.9248,-39.9167,78.73,84,76,12.62,broken clouds
9,Puerto Ayora,EC,-0.7393,-90.3518,75.16,81,44,9.19,scattered clouds
10,Albany,US,42.6001,-73.9662,70.66,98,100,6.13,overcast clouds
11,Tabora,TZ,-5.0167,32.8,64.18,55,0,0.0,clear sky
12,Ushuaia,AR,-54.8,-68.3,44.26,42,20,19.57,few clouds
13,Alofi,NU,-19.0595,-169.9187,76.89,78,40,16.11,scattered clouds
14,Tilichiki,RU,60.4667,166.1,55.13,47,14,8.61,few clouds
15,Sao Luis,BR,-2.5297,-44.3028,79.0,83,75,5.75,moderate rain
16,Aksarka,RU,66.5606,67.7975,48.27,97,100,19.84,overcast clouds
17,Carnarvon,AU,-24.8667,113.6333,64.47,76,75,11.5,light rain
18,Thompson,CA,55.7435,-97.8558,75.36,35,40,8.05,scattered clouds
19,Mataura,NZ,-46.1927,168.8643,44.47,78,86,4.59,moderate rain
20,East London,ZA,-33.0153,27.9116,58.66,70,3,8.23,clear sky
21,Port Hardy,CA,50.6996,-127.4199,69.98,78,20,10.36,few clouds
22,Hovd,MN,48.0056,91.6419,60.49,50,5,0.4,clear sky
23,Georgetown,MY,5.4112,100.3354,77.9,93,20,5.01,few clouds
24,Bredasdorp,ZA,-34.5322,20.0403,51.12,82,3,6.91,clear sky
25,Santa Maria,BR,-29.6842,-53.8069,42.1,81,0,2.3,clear sky
26,Busselton,AU,-33.65,115.3333,49.08,73,100,26.62,light rain
27,Kapaa,US,22.0752,-159.319,86.32,68,20,3.0,few clouds
28,Kodiak,US,57.79,-152.4072,56.71,67,90,6.91,overcast clouds
29,Bluff,NZ,-46.6,168.3333,44.8,73,94,4.7,overcast clouds
30,Lapy,PL,52.9911,22.8842,68.25,69,20,9.57,few clouds
31,Saldanha,ZA,-33.0117,17.9442,44.65,86,0,5.35,clear sky
32,Punta Cardon,VE,11.6581,-70.215,82.9,73,19,31.74,few clouds
33,Hobart,AU,-42.8794,147.3294,52.27,76,75,4.0,broken clouds
34,Nikolskoye,RU,59.7035,30.7861,64.29,90,14,4.63,few clouds
35,Ponta Do Sol,PT,32.6667,-17.1,72.23,66,15,6.69,few clouds
36,Hilo,US,19.7297,-155.09,82.13,73,75,9.22,broken clouds
37,Mareeba,AU,-17.0,145.4333,69.44,67,39,1.5,scattered clouds
38,Iqaluit,CA,63.7506,-68.5145,51.53,76,40,12.66,scattered clouds
39,Daitari,IN,21.1,85.75,71.08,95,100,13.18,moderate rain
40,Lagoa,PT,39.05,-27.9833,70.12,89,5,9.66,clear sky
41,Mahebourg,MU,-20.4081,57.7,68.29,83,75,21.85,light rain
42,Baishishan,CN,43.5833,127.5667,72.61,95,100,1.83,overcast clouds
43,Usinsk,RU,65.9939,57.5281,42.17,89,32,7.52,scattered clouds
44,Mandera,KE,3.9366,41.867,76.86,57,100,19.33,overcast clouds
45,Santa Cecilia,BR,-26.9608,-50.4269,29.32,84,0,2.8,clear sky
46,Norman Wells,CA,65.282,-126.8329,69.84,60,90,6.91,overcast clouds
47,Mehamn,NO,71.0357,27.8492,43.77,85,100,4.59,overcast clouds
48,Taoudenni,ML,22.6783,-3.9836,98.37,25,49,5.64,scattered clouds
49,Dharchula,IN,29.85,80.5333,72.0,96,98,1.14,overcast clouds
50,Yulara,AU,-25.2406,130.9889,53.44,66,0,5.75,clear sky
51,Ancud,CL,-41.8697,-73.8203,45.93,89,88,8.86,overcast clouds
52,Arraial Do Cabo,BR,-22.9661,-42.0278,69.76,49,75,14.97,broken clouds
53,Saint-Philippe,RE,-21.3585,55.7679,67.59,85,89,15.97,light rain
54,Gornopravdinsk,RU,60.05,69.9,44.19,99,88,4.54,moderate rain
55,Verkhnevilyuysk,RU,63.4453,120.3167,62.71,48,23,2.84,few clouds
56,Valera,VE,9.3178,-70.6036,76.98,83,61,3.44,broken clouds
57,Kassala,SD,15.451,36.4,80.82,74,75,14.79,broken clouds
58,Lebu,CL,-37.6167,-73.65,49.64,84,1,6.53,clear sky
59,Lorengau,PG,-2.0226,147.2712,83.62,74,20,3.76,few clouds
60,Namibe,AO,-15.1961,12.1522,64.36,82,18,0.69,few clouds
61,Masvingo,ZW,-20.0637,30.8277,53.47,53,3,4.0,clear sky
62,Esperance,AU,-33.8667,121.9,51.64,72,94,23.47,overcast clouds
63,Vaini,TO,-21.2,-175.2,75.36,78,20,9.22,few clouds
64,The Valley,AI,18.217,-63.0578,82.81,78,75,11.5,broken clouds
65,Mar Del Plata,AR,-38.0023,-57.5575,53.1,71,0,4.61,clear sky
66,Weligama,LK,5.9667,80.4167,78.87,87,63,11.68,broken clouds
67,Clyde River,CA,70.4692,-68.5914,44.83,93,75,13.8,broken clouds
68,Rikitea,PF,-23.1203,-134.9692,71.74,76,34,6.85,scattered clouds
69,Yellowknife,CA,62.456,-114.3525,70.32,49,40,12.66,scattered clouds
70,Mayo,US,38.8876,-76.5119,82.98,87,90,1.01,overcast clouds
71,Ribeira Grande,PT,38.5167,-28.7,70.77,87,5,10.31,clear sky
72,Juruti,BR,-2.1522,-56.0922,75.87,82,67,4.47,broken clouds
73,Kieta,PG,-6.2167,155.6333,83.39,74,20,4.5,few clouds
74,Barrow,US,71.2906,-156.7887,53.62,87,90,8.05,light rain
75,Arima,TT,10.6333,-61.2833,81.45,94,68,3.87,broken clouds
76,Hervey Bay,AU,-25.2986,152.8535,66.04,63,0,14.45,clear sky
77,Punta Arenas,CL,-53.15,-70.9167,39.31,81,0,18.41,clear sky
78,Isangel,VU,-19.55,169.2667,78.91,78,75,5.75,broken clouds
79,Pevek,RU,69.7008,170.3133,32.07,98,100,24.43,snow
80,Severo-Kurilsk,RU,50.6789,156.125,60.37,94,92,4.25,overcast clouds
81,Jamestown,US,42.097,-79.2353,78.39,73,40,13.8,scattered clouds
82,Mancora,PE,-4.1078,-81.0475,73.47,68,78,13.69,broken clouds
83,Mogok,MM,22.9167,96.5,65.73,95,96,3.11,overcast clouds
84,Cape Town,ZA,-33.9258,18.4232,54.12,90,20,1.01,few clouds
85,Bowen,AU,-20.0167,148.2333,61.02,73,5,7.99,clear sky
86,Whitianga,NZ,-36.8333,175.7,59.02,76,19,3.98,few clouds
87,Berlevag,NO,70.8578,29.0864,44.06,88,100,5.08,overcast clouds
88,Avarua,CK,-21.2078,-159.775,77.05,65,75,4.61,broken clouds
89,Altay,CN,47.8667,88.1167,65.1,19,66,4.9,broken clouds
90,Lebork,PL,54.5392,17.7501,62.15,64,27,10.36,scattered clouds
91,Brae,GB,60.3964,-1.353,53.51,92,100,11.83,overcast clouds
92,Mount Gambier,AU,-37.8333,140.7667,48.11,57,40,18.41,scattered clouds
93,Dalvik,IS,65.9702,-18.5286,51.73,95,99,1.21,overcast clouds
94,Flinders,AU,-34.5833,150.8552,53.06,78,0,1.01,clear sky
95,Shimoda,JP,34.6667,138.95,81.39,70,34,1.34,scattered clouds
96,Fortuna,US,40.5982,-124.1573,74.86,69,20,4.0,few clouds
97,Villa De Cura,VE,10.0386,-67.4894,71.73,93,76,2.93,broken clouds
98,Zhigansk,RU,66.7697,123.3711,63.32,45,7,5.97,clear sky
99,Los Llanos De Aridane,ES,28.6585,-17.9182,69.55,93,90,17.27,overcast clouds
100,Port-Cartier,CA,50.0334,-66.8654,66.42,73,96,5.28,overcast clouds
101,Saint George,US,37.1041,-113.5841,99.19,22,1,0.0,clear sky
102,Castrillon,ES,43.3979,-6.7922,63.14,98,13,2.64,few clouds
103,Castro,BR,-24.7911,-50.0119,35.91,59,4,2.04,clear sky
104,Cabo San Lucas,MX,22.8909,-109.9124,93.81,62,20,9.22,few clouds
105,Sabang,ID,5.8933,95.3214,83.46,75,100,21.68,overcast clouds
106,Ninghai,CN,29.2892,121.4247,80.73,92,98,2.84,overcast clouds
107,Half Moon Bay,US,37.4636,-122.4286,97.92,62,40,12.66,scattered clouds
108,Kaitangata,NZ,-46.2817,169.8464,52.93,80,77,7.11,light rain
109,Airai,TL,-8.9266,125.4092,61.54,51,43,2.66,scattered clouds
110,Nador,MA,35.174,-2.9287,77.07,88,0,0.0,clear sky
111,New Norfolk,AU,-42.7826,147.0587,51.93,79,100,1.01,overcast clouds
112,Tasiilaq,GL,65.6145,-37.6368,53.76,71,70,2.57,broken clouds
113,San Quintin,MX,30.4833,-115.95,76.23,68,1,15.52,clear sky
114,Aksu,CN,41.1231,80.2644,86.47,21,100,5.79,overcast clouds
115,Kamenka,RU,51.3223,42.7678,68.54,72,27,6.42,scattered clouds
116,Baykit,RU,61.67,96.37,61.18,97,89,2.89,overcast clouds
117,Lufilufi,WS,-13.8745,-171.5986,87.58,77,29,19.04,scattered clouds
118,Bambous Virieux,MU,-20.3428,57.7575,68.25,83,75,21.85,light rain
119,San Clemente,US,33.427,-117.612,105.73,74,66,5.01,broken clouds
120,Butaritari,KI,3.0707,172.7902,83.95,70,15,12.06,few clouds
121,Port Lincoln,AU,-34.7333,135.8667,57.27,58,29,20.18,scattered clouds
122,Olafsvik,IS,64.8945,-23.7142,53.37,87,92,6.93,overcast clouds
123,Guerrero Negro,MX,27.9769,-114.0611,77.9,65,8,20.67,clear sky
124,Mekhe,SN,15.1097,-16.6218,82.96,79,93,6.91,overcast clouds
125,Jining,CN,35.405,116.5814,70.59,93,61,8.01,broken clouds
126,Nelson Bay,AU,-32.7167,152.15,50.95,50,0,5.77,clear sky
127,Sangmelima,CM,2.9333,11.9833,68.31,97,94,4.9,light rain
128,Chuy,UY,-33.6971,-53.4616,43.16,78,68,6.15,broken clouds
129,Ordu,TR,40.9086,37.6845,61.3,93,52,3.62,broken clouds
130,Bardiyah,LY,31.7561,25.0865,79.61,73,0,13.09,clear sky
131,Krasnoshchekovo,RU,51.6708,82.7289,53.65,76,45,2.37,moderate rain
132,Nurota,UZ,40.5614,65.6886,75.29,31,5,9.78,clear sky
133,Belyy Yar,RU,53.6039,91.3903,49.89,93,0,4.47,clear sky
134,Tucurui,BR,-3.7661,-49.6725,79.45,66,72,4.45,broken clouds
135,Lady Frere,ZA,-31.7031,27.2329,42.69,62,0,2.89,clear sky
136,Silvan,TR,38.1419,41.0081,73.69,35,3,6.22,clear sky
137,Kachiry,KZ,53.0675,76.1036,52.5,61,0,5.75,clear sky
138,Hirara,JP,24.8,125.2833,82.67,94,20,4.61,few clouds
139,Mastung,PK,29.7994,66.845,77.0,18,72,3.49,broken clouds
140,Port Alfred,ZA,-33.5906,26.891,56.32,85,1,10.56,clear sky
141,Tiksi,RU,71.6872,128.8694,52.79,54,82,3.42,broken clouds
142,Phan Thiet,VN,10.9333,108.1,78.49,85,95,11.36,overcast clouds
143,Merauke,ID,-8.4667,140.3333,77.58,89,63,10.49,broken clouds
144,Sisimiut,GL,66.9395,-53.6735,50.77,67,89,4.88,overcast clouds
145,Vardo,NO,70.3705,31.1107,45.16,86,100,3.38,overcast clouds
146,Kahramanmaras,TR,38.0,37.0,68.63,67,0,6.38,clear sky
147,Qaanaaq,GL,77.484,-69.3632,38.68,92,99,7.18,overcast clouds
148,Goderich,CA,43.7501,-81.7165,73.9,78,6,11.5,clear sky
149,Dingle,PH,10.9995,122.6711,79.9,86,96,8.57,overcast clouds
150,Cidreira,BR,-30.1811,-50.2056,46.58,67,6,8.95,clear sky
151,Axim,GH,4.8699,-2.2405,76.23,86,16,7.09,few clouds
152,Necochea,AR,-38.5473,-58.7368,48.04,62,0,7.31,clear sky
153,Salalah,OM,17.0151,54.0924,78.89,89,90,11.5,light intensity drizzle
154,Roald,NO,62.5833,6.1333,62.91,94,80,16.11,broken clouds
155,Muncar,ID,-8.4333,114.3333,73.96,89,76,1.97,broken clouds
156,Camopi,GF,3.1655,-52.3158,72.79,98,82,2.66,broken clouds
157,Santa Fe,AR,-31.6333,-60.7,50.76,41,0,4.76,clear sky
158,Fort-Shevchenko,KZ,44.5086,50.263,78.53,39,1,7.83,clear sky
159,Victoria,HK,22.2855,114.1577,84.33,91,99,4.0,light rain
160,Mitsamiouli,KM,-11.3847,43.2844,76.08,66,1,8.23,clear sky
161,Dolores,AR,-36.3132,-57.6792,43.54,65,0,7.76,clear sky
162,Emmaus,US,40.5395,-75.4968,77.65,91,40,3.44,scattered clouds
163,Hobyo,SO,5.3505,48.5268,76.37,79,98,24.09,overcast clouds
164,Vila Franca Do Campo,PT,37.7167,-25.4333,72.01,87,41,5.7,scattered clouds
165,Freiberg,DE,50.9167,13.3667,62.65,81,29,6.55,scattered clouds
166,Sao Filipe,CV,14.8961,-24.4956,75.88,76,96,5.7,overcast clouds
167,Katsuura,JP,35.1333,140.3,84.11,83,43,6.69,scattered clouds
168,Mandurah,AU,-32.55,115.7,57.45,70,100,31.63,light rain
169,Tianpeng,CN,30.9866,103.9393,79.27,64,70,3.49,broken clouds
170,Athabasca,CA,54.7169,-113.2854,83.23,24,3,12.33,clear sky
171,Sitka,US,57.0531,-135.33,67.89,60,1,6.91,clear sky
172,Lompoc,US,34.6391,-120.4579,92.01,73,75,17.27,mist
173,Komono,JP,35.0,136.5167,84.02,81,1,2.33,clear sky
174,Teknaf,BD,20.8624,92.3058,79.93,91,100,11.1,overcast clouds
175,Balkanabat,TM,39.5108,54.3671,82.0,45,36,6.98,scattered clouds
176,Dudinka,RU,69.4058,86.1778,55.99,90,100,2.62,overcast clouds
177,Jurado,CO,7.1053,-77.7641,80.08,85,97,4.38,overcast clouds
178,Angoram,PG,-4.0625,144.0661,78.44,90,72,3.09,broken clouds
179,Brownsburg,US,39.8434,-86.3978,87.55,74,75,1.01,broken clouds
180,Batagay-Alyta,RU,67.8006,130.4114,58.96,39,7,1.83,clear sky
181,San Patricio,US,28.017,-97.5169,93.92,47,67,14.2,broken clouds
182,Kurduvadi,IN,18.0833,75.4333,72.82,83,100,10.69,overcast clouds
183,Colchester,GB,51.8892,0.9042,61.95,78,88,7.81,overcast clouds
184,Ukiah,US,39.1502,-123.2078,105.51,20,1,5.75,clear sky
185,Trat,TH,12.5,102.5,75.51,96,79,6.15,broken clouds
186,Shingu,JP,33.7333,135.9833,79.92,60,0,1.48,clear sky
187,El Vigia,VE,8.6219,-71.6506,83.25,69,26,3.96,scattered clouds
188,Ketchikan,US,55.3422,-131.6461,68.47,73,90,6.91,overcast clouds
189,Faya,SA,18.3851,42.4509,68.11,60,59,3.83,broken clouds
190,Constitucion,CL,-35.3333,-72.4167,51.76,76,0,2.59,clear sky
191,Buta,CD,2.7858,24.73,72.91,82,94,1.57,overcast clouds
192,Colmenar Viejo,ES,40.6591,-3.7676,81.77,38,0,1.01,clear sky
193,Maragogi,BR,-9.0122,-35.2225,74.43,85,78,6.87,broken clouds
194,Nicolas Bravo,MX,18.45,-88.9167,88.68,73,100,4.21,overcast clouds
195,Hofn,IS,64.2539,-15.2082,53.83,88,78,5.7,broken clouds
196,Niquelandia,BR,-14.4739,-48.4597,72.28,39,0,4.54,clear sky
197,Juegang,CN,32.3174,121.1855,79.99,87,9,9.89,light rain
198,Quimper,FR,48.0,-4.1,64.47,100,90,12.66,mist
199,Geraldton,AU,-28.7667,114.6,61.21,88,40,16.11,scattered clouds
200,Erdenet,MN,49.0333,104.0833,53.65,96,77,5.06,broken clouds
201,Riyadh,SA,24.6877,46.7219,89.74,13,43,4.85,scattered clouds
202,Abatskoye,RU,56.2875,70.4555,53.58,70,91,7.61,overcast clouds
203,Mackay,AU,-21.15,149.2,69.67,100,90,9.22,overcast clouds
204,Kaitong,CN,44.8135,123.15,71.92,91,100,6.13,moderate rain
205,Clinton,US,42.587,-82.9199,89.92,60,40,12.66,haze
206,Atar,MR,20.5169,-13.0499,90.36,32,98,9.55,overcast clouds
207,Sao Joao Da Barra,BR,-21.6403,-41.0511,61.74,57,14,24.25,few clouds
208,Sept-Iles,CA,50.2001,-66.3821,66.72,55,90,10.36,overcast clouds
209,Dikson,RU,73.5069,80.5464,44.06,80,100,14.12,overcast clouds
210,Teya,RU,60.3778,92.6267,52.48,96,100,1.99,overcast clouds
211,Naliya,IN,23.2667,68.8333,81.61,82,100,21.88,overcast clouds
212,Luderitz,NA,-26.6481,15.1594,62.6,40,0,7.94,clear sky
213,Flin Flon,CA,54.7682,-101.865,75.04,57,90,2.3,smoke
214,Tuatapere,NZ,-46.1333,167.6833,44.82,79,100,3.89,moderate rain
215,Ilulissat,GL,69.2167,-51.1,51.82,71,57,3.44,broken clouds
216,Scarborough,GB,54.2797,-0.4044,58.66,85,78,3.0,broken clouds
217,Yanam,IN,16.7333,82.2167,79.48,76,100,8.41,overcast clouds
218,Darovskoy,RU,58.77,47.9564,59.77,99,100,5.68,overcast clouds
219,Kruisfontein,ZA,-34.0033,24.7314,49.89,85,1,6.58,clear sky
220,Torbay,CA,47.6666,-52.7314,64.38,64,2,20.0,clear sky
221,Galeana,MX,24.8333,-100.0667,69.31,65,97,9.84,overcast clouds
222,Khatanga,RU,71.9667,102.5,72.19,61,1,13.91,clear sky
223,Chokurdakh,RU,70.6333,147.9167,45.7,52,95,6.67,overcast clouds
224,Narsaq,GL,60.9167,-46.05,55.62,82,78,3.78,broken clouds
225,Pochutla,MX,15.7432,-96.4661,85.05,76,99,4.59,overcast clouds
226,Waingapu,ID,-9.6567,120.2641,75.7,77,75,8.3,broken clouds
227,Naryan-Mar,RU,67.6713,53.087,42.67,88,92,2.93,overcast clouds
228,Leningradskiy,RU,69.3833,178.4167,32.65,98,100,19.84,light snow
229,Nogliki,RU,51.8333,143.1667,63.43,99,100,6.78,moderate rain
230,Gaya,IN,24.7833,85.0,78.71,94,75,0.0,mist
231,Bairiki,KI,1.3292,172.9752,86.0,70,20,9.22,few clouds
232,Ginda,IN,30.6945,78.4932,64.54,90,90,2.28,overcast clouds
233,Mercedes,AR,-34.6515,-59.4307,49.86,53,0,7.09,clear sky
234,Talnakh,RU,69.4865,88.3972,60.19,77,99,2.62,overcast clouds
235,Samarai,PG,-10.6167,150.6667,80.2,82,48,11.32,scattered clouds
236,Presidencia Roque Saenz Pena,AR,-26.7852,-60.4388,45.81,39,0,5.26,clear sky
237,Suksun,RU,57.1431,57.3949,57.13,93,82,4.79,broken clouds
238,Hithadhoo,MV,-0.6,73.0833,82.11,72,100,4.59,overcast clouds
239,Upernavik,GL,72.7868,-56.1549,44.92,88,100,4.18,overcast clouds
240,Pisco,PE,-13.7,-76.2167,64.45,72,90,10.36,overcast clouds
241,Tuy Hoa,VN,13.0833,109.3,83.61,67,39,15.48,scattered clouds
242,Mineiros,BR,-17.5694,-52.5511,55.35,22,0,6.69,clear sky
243,Ampanihy,MG,-24.7,44.75,67.78,64,47,5.91,scattered clouds
244,Kaseda,JP,31.4167,130.3167,78.03,75,79,5.39,broken clouds
245,Puerto Colombia,CO,10.9878,-74.9547,86.09,83,7,15.88,clear sky
246,Nhulunbuy,AU,-12.2333,136.7667,70.41,100,6,0.0,clear sky
247,Adrar,MR,20.5022,-10.0711,90.45,32,36,16.75,scattered clouds
248,Codrington,AU,-38.2667,141.9667,48.97,58,54,22.48,broken clouds
249,Muisne,EC,0.6,-80.0333,75.81,81,95,9.31,overcast clouds
250,Port Moresby,PG,-9.4431,147.1797,78.22,89,75,4.61,broken clouds
251,Karratha,AU,-20.7377,116.8463,66.54,71,14,5.93,few clouds
252,Margate,GB,51.3813,1.3862,60.96,76,52,1.99,broken clouds
253,Bilibino,RU,68.0546,166.4372,40.15,58,96,6.26,overcast clouds
254,Saint Anthony,US,45.0205,-93.218,82.33,41,40,9.22,haze
255,Ekhinos,GR,41.2833,24.9667,77.68,38,2,4.54,clear sky
256,Bandarbeyla,SO,9.4942,50.8122,77.18,76,100,30.76,overcast clouds
257,Kurud,IN,20.8322,81.7214,74.37,88,100,11.86,light rain
258,Bay Roberts,CA,47.5999,-53.2648,65.14,66,0,3.0,clear sky
259,Port Blair,IN,11.6667,92.75,81.99,84,100,17.09,overcast clouds
260,Manga,BF,11.6636,-1.0731,76.57,75,93,7.81,overcast clouds
261,Fairbanks,US,64.8378,-147.7164,68.02,64,90,1.01,overcast clouds
262,Aquiraz,BR,-3.9014,-38.3911,80.69,88,71,10.56,broken clouds
263,Russell,US,32.3502,-85.1999,96.4,49,1,5.75,clear sky
264,Souillac,MU,-20.5167,57.5167,68.38,83,75,21.85,light rain
265,Avera,US,33.194,-82.5271,99.91,48,4,6.73,clear sky
266,Port-Gentil,GA,-0.7193,8.7815,76.96,83,20,11.5,few clouds
267,Aripuana,BR,-9.1667,-60.6333,71.6,43,0,2.73,clear sky
268,Port Hedland,AU,-20.3167,118.5667,64.45,94,40,5.75,scattered clouds
269,Les Cayes,HT,18.2,-73.75,81.48,76,8,8.37,clear sky
270,Pangkalanbuun,ID,-2.6833,111.6167,73.92,96,54,2.24,light rain
271,Saint Helens,GB,53.45,-2.7333,58.93,87,0,2.3,clear sky
272,Hun,LY,29.1268,15.9477,80.13,40,0,6.44,clear sky
273,Marsaxlokk,MT,35.8419,14.5431,83.08,32,0,4.61,clear sky
274,Carnot,CF,4.9409,15.8665,69.3,96,61,0.56,light rain
275,Belmonte,BR,-15.8631,-38.8828,73.9,89,12,9.35,few clouds
276,Dicabisagan,PH,17.0818,122.4157,83.1,72,99,2.51,overcast clouds
277,Rio Gallegos,AR,-51.6226,-69.2181,44.65,53,0,11.5,clear sky
278,Katangli,RU,51.7102,143.2326,62.98,99,100,5.68,moderate rain
279,Te Anau,NZ,-45.4167,167.7167,48.49,84,100,1.32,overcast clouds
280,Ust-Kulom,RU,61.6864,53.6902,49.05,83,100,4.74,overcast clouds
281,Laguna,US,38.421,-121.4238,110.21,26,1,3.0,clear sky
282,Lopatyn,UA,50.2202,24.8483,64.92,77,46,5.64,scattered clouds
283,Bethel,US,41.3712,-73.414,72.72,91,90,1.01,overcast clouds
284,Forbes,AU,-33.3833,148.0167,43.68,74,0,4.45,clear sky
285,Zarubino,RU,42.63,131.0922,77.67,88,99,4.47,overcast clouds
286,Provideniya,RU,64.3833,-173.3,51.91,82,75,13.42,broken clouds
287,Strezhevoy,RU,60.7333,77.5889,49.98,94,100,6.96,light rain
288,Senneterre,CA,48.3835,-77.2328,62.82,92,89,11.27,overcast clouds
289,Hasaki,JP,35.7333,140.8333,79.29,83,42,7.61,scattered clouds
290,Bambanglipuro,ID,-7.95,110.2833,74.43,92,86,3.53,overcast clouds
291,Farafangana,MG,-22.8167,47.8333,68.81,77,99,6.89,overcast clouds
292,Yermakovskoye,RU,53.2831,92.4003,50.36,87,87,3.69,overcast clouds
293,Tacna,PE,-18.0056,-70.2483,55.6,82,75,6.91,broken clouds
294,Kuala Terengganu,MY,5.3302,103.1408,78.75,94,20,2.3,few clouds
295,Tabou,CI,4.423,-7.3528,76.12,85,86,5.93,overcast clouds
296,Dombarovskiy,RU,50.7587,59.5386,62.89,40,46,9.51,scattered clouds
297,Lucapa,AO,-8.4192,20.7447,68.0,32,1,3.83,clear sky
298,Asfi,MA,32.2994,-9.2372,70.77,82,42,16.11,scattered clouds
299,Kaeo,NZ,-35.1,173.7833,61.32,87,64,11.32,light rain
300,Cherskiy,RU,68.75,161.3,36.52,68,99,20.18,overcast clouds
301,Chapais,CA,49.7834,-74.8492,60.58,92,74,12.1,broken clouds
302,Progreso,MX,21.2833,-89.6667,88.11,74,57,16.87,broken clouds
303,Puerto Escondido,MX,15.85,-97.0667,86.83,62,90,6.91,overcast clouds
304,Sola,VU,-13.8833,167.55,81.27,83,90,0.0,overcast clouds
305,Touros,BR,-5.1989,-35.4608,77.9,79,99,13.91,overcast clouds
306,Kifri,IQ,34.6959,44.9661,93.43,14,0,8.05,clear sky
307,Nantucket,US,41.2835,-70.0995,71.71,75,1,17.27,clear sky
308,Lasa,IT,46.6166,10.7002,65.28,93,5,2.35,clear sky
309,Kichera,RU,55.9375,110.0997,64.83,67,0,7.07,clear sky
310,Bathsheba,BB,13.2167,-59.5167,83.01,69,20,14.97,few clouds
311,Aalen,DE,48.8378,10.0933,62.01,81,43,1.05,scattered clouds
312,Kayerkan,RU,69.3497,87.7602,56.16,85,99,5.77,overcast clouds
313,Caravelas,BR,-17.7125,-39.2481,70.68,76,100,15.82,overcast clouds
314,Lavrentiya,RU,65.5833,-171.0,47.25,81,75,12.46,broken clouds
315,Fort Nelson,CA,58.8053,-122.7002,78.39,27,40,4.61,scattered clouds
316,La Ronge,CA,55.1001,-105.2842,80.85,34,75,4.61,broken clouds
317,Cananeia,BR,-25.0147,-47.9267,48.88,61,3,1.39,clear sky
318,Gorontalo,ID,0.5412,123.0595,78.22,81,39,1.21,scattered clouds
319,Gannan,CN,47.9147,123.5031,71.89,89,67,1.16,broken clouds
320,Tyup,KG,42.7276,78.3648,59.36,91,100,1.7,overcast clouds
321,Havre-Saint-Pierre,CA,50.2334,-63.5986,62.96,59,75,9.22,broken clouds
322,Tanete,ID,-3.9443,119.7848,76.17,89,98,3.91,overcast clouds
323,Port Elizabeth,ZA,-33.918,25.5701,53.89,87,0,5.75,clear sky
324,Grindavik,IS,63.8424,-22.4338,58.95,88,0,5.75,clear sky
325,Broome,US,42.2506,-75.833,74.55,88,90,1.01,overcast clouds
326,Derzhavinsk,KZ,51.1,66.3167,55.56,55,1,3.38,clear sky
327,Igdir,TR,39.9237,44.045,67.93,67,56,5.06,broken clouds
328,Salvador,SV,13.8333,-88.9167,81.0,74,85,0.63,overcast clouds
329,Tadine,NC,-21.55,167.8833,73.9,57,4,7.07,clear sky
330,Yaan,NG,7.3833,8.5667,71.58,96,21,4.74,moderate rain
331,Choya,RU,52.0108,86.5467,52.79,83,84,2.95,broken clouds
332,Vostok,RU,46.4856,135.8833,69.69,96,97,2.37,light rain
333,Saint-Leu,RE,-21.15,55.2833,67.06,74,80,6.49,broken clouds
334,Camana,PE,-16.6228,-72.7111,61.77,81,6,7.14,clear sky
335,Taksimo,RU,56.3444,114.8794,66.13,70,7,0.87,clear sky
336,Borba,BR,-4.3878,-59.5939,82.27,45,41,1.97,scattered clouds
337,Male,MV,4.1748,73.5089,82.35,78,75,11.5,broken clouds
338,Termoli,IT,41.9888,14.9895,76.68,48,0,4.63,clear sky
339,Srednekolymsk,RU,67.45,153.6833,44.33,59,22,8.57,few clouds
340,Araguaina,BR,-7.1911,-48.2072,81.77,28,1,1.48,clear sky
341,Vila Velha,BR,-20.3297,-40.2925,67.95,64,75,17.27,broken clouds
342,Cabedelo,BR,-6.9811,-34.8339,75.87,80,27,13.42,scattered clouds
343,Turangi,NZ,-39.0,175.9333,56.43,80,45,2.26,scattered clouds
344,Buala,SB,-8.145,159.5921,83.21,73,1,6.8,clear sky
345,Pokhara,NP,28.2333,83.9833,72.48,87,92,1.74,overcast clouds
346,Aklavik,CA,68.2191,-135.0107,70.52,56,75,2.3,broken clouds
347,San Carlos De Bariloche,AR,-41.1456,-71.3082,46.15,56,0,0.0,clear sky
348,Guane,CU,22.2025,-84.0875,84.11,73,76,5.26,broken clouds
349,Okha,RU,53.5739,142.9478,60.8,99,100,4.07,light rain
350,Midland,US,31.9974,-102.0779,91.69,42,40,10.36,scattered clouds
351,Oranjemund,NA,-28.55,16.4333,54.5,71,0,8.43,clear sky
352,Saskylakh,RU,71.9167,114.0833,76.37,45,9,4.45,clear sky
353,Osypenko,UA,46.9136,36.8253,73.83,79,92,6.58,overcast clouds
354,Verkhniye Tatyshly,RU,56.2912,55.8575,58.53,95,100,8.93,light rain
355,Tulu Bolo,ET,8.6667,38.2167,56.03,95,100,6.8,light rain
356,Beringovskiy,RU,63.05,179.3167,42.4,88,88,13.18,overcast clouds
357,Ixtapa,MX,20.7,-105.2,88.83,70,40,11.5,scattered clouds
358,Roros,NO,62.5747,11.3842,53.44,94,75,4.61,broken clouds
359,Rio Grande,BR,-32.035,-52.0986,43.95,68,12,8.99,few clouds
360,Saint-Pierre,RE,-21.3393,55.4781,67.68,78,75,20.71,broken clouds
361,Bethanien,NA,-26.502,17.1583,51.13,30,0,3.58,clear sky
362,Kambove,CD,-10.8764,26.5969,56.08,46,0,4.7,clear sky
363,Aswan,EG,24.0934,32.907,90.7,19,0,8.05,clear sky
364,Presidente Medici,BR,-11.1753,-61.9014,70.74,32,5,4.76,clear sky
365,Novikovo,RU,51.1537,37.8879,69.84,75,66,6.62,broken clouds
366,Auki,SB,-8.7676,160.7034,84.07,67,9,2.37,clear sky
367,Coquimbo,CL,-29.9533,-71.3436,53.33,82,40,9.22,scattered clouds
368,Lukow,PL,51.929,22.3796,65.68,77,20,8.25,few clouds
369,Marawi,PH,7.9986,124.2928,70.65,75,94,3.27,overcast clouds
370,Hokitika,NZ,-42.7167,170.9667,56.95,73,91,5.64,overcast clouds
371,Bonoua,CI,5.2741,-3.595,76.62,86,8,4.45,clear sky
372,The Village,US,35.5609,-97.5514,97.84,45,1,4.0,clear sky
373,Longkou,CN,37.6508,120.3286,74.91,90,83,17.11,broken clouds
374,Kovdor,RU,67.5662,30.4758,48.27,86,100,2.89,overcast clouds
375,Erzin,TR,36.9559,36.2,83.12,59,0,1.79,clear sky
376,Ise,JP,34.4833,136.7,81.72,86,0,6.96,clear sky
377,Bousso,TD,10.4795,16.7117,74.19,92,100,3.87,light rain
378,Sergeyevka,KZ,53.88,67.4158,52.54,66,8,8.7,clear sky
379,Hualmay,PE,-11.0964,-77.6139,64.6,82,46,9.04,scattered clouds
380,Port Keats,AU,-14.25,129.55,75.88,79,3,1.59,clear sky
381,Puteyets,RU,65.1716,57.091,45.01,90,81,2.73,broken clouds
382,Padang,ID,-0.9492,100.3543,69.85,79,100,3.62,overcast clouds
383,Gilbues,BR,-9.8317,-45.3439,77.59,25,0,3.04,clear sky
384,Sidi Ali,DZ,36.0998,0.4206,75.16,76,73,0.69,broken clouds
385,Ngunguru,NZ,-35.6167,174.5,61.16,79,30,13.94,scattered clouds
386,Bang Mun Nak,TH,16.0278,100.3792,77.54,79,100,2.57,overcast clouds
387,Kibala,TD,9.1104,18.3463,78.75,83,20,0.0,few clouds
388,Kloulklubed,PW,7.0419,134.2556,77.5,73,98,4.99,overcast clouds
389,Poum,NC,-20.2333,164.0167,73.29,64,3,3.27,clear sky
390,Guaruja,BR,-23.9931,-46.2564,57.88,26,52,5.64,broken clouds
391,Fukue,JP,32.6881,128.8419,79.92,74,68,3.38,broken clouds
392,Omboue,GA,-1.5746,9.2618,74.66,80,28,8.72,scattered clouds
393,Acari,PE,-15.4311,-74.6158,67.03,71,8,3.49,clear sky
394,Pacific Grove,US,36.6177,-121.9166,95.61,77,1,1.99,clear sky
395,Pietarsaari,FI,63.65,22.6833,65.89,90,80,6.49,broken clouds
396,Mykhaylivka,UA,47.2724,35.2224,71.87,90,72,9.6,broken clouds
397,College,US,64.8569,-147.8028,68.0,65,90,4.61,overcast clouds
398,Matamoros,MX,25.5333,-103.25,89.11,29,27,18.16,scattered clouds
399,Harper,LR,4.375,-7.7169,76.28,83,74,6.64,broken clouds
400,Pafos,CY,34.7667,32.4167,80.51,47,0,4.61,clear sky
401,Maniitsoq,GL,65.4167,-52.9,47.53,73,54,10.96,broken clouds
402,Buchanan,LR,5.8808,-10.0467,73.36,81,45,6.49,scattered clouds
403,Roebourne,AU,-20.7833,117.1333,65.97,71,5,4.88,clear sky
404,Changji,CN,44.0167,87.3167,77.79,38,0,6.71,clear sky
405,Ca Mau,VN,9.1769,105.15,76.8,92,99,10.67,overcast clouds
406,Longyearbyen,SJ,78.2186,15.6401,44.44,65,75,3.44,broken clouds
407,Marsa Matruh,EG,31.3525,27.2453,80.8,78,0,6.91,clear sky
408,Bahia Blanca,AR,-38.7196,-62.2724,53.2,36,0,13.27,clear sky
409,Saint-Augustin,CA,51.226,-58.6502,57.81,62,99,7.52,overcast clouds
410,Sabha,LY,27.0377,14.4283,83.52,19,0,8.68,clear sky
411,Tomigusuku,JP,26.185,127.675,82.53,89,40,4.61,scattered clouds
412,Letnyaya Stavka,RU,45.4306,43.4472,71.62,40,0,6.8,clear sky
413,Sabla,NG,12.7525,4.7077,78.84,75,70,7.54,broken clouds
414,Anadyr,RU,64.75,177.4833,39.7,86,75,15.01,light intensity shower rain
415,Portland,US,45.5234,-122.6762,99.97,25,20,3.0,few clouds
416,Tarko-Sale,RU,64.9225,77.785,48.38,85,79,12.55,broken clouds
417,Paamiut,GL,61.994,-49.6678,45.93,82,75,0.89,broken clouds
418,Chizhou,CN,30.6578,117.4831,78.4,90,0,2.91,light rain
419,Makakilo City,US,21.3469,-158.0858,86.32,59,75,14.97,broken clouds
420,Buraydah,SA,26.326,43.975,91.85,15,99,7.43,overcast clouds
421,Kontagora,NG,10.3999,5.4695,72.66,94,94,4.18,overcast clouds
422,Yazman,PK,29.1212,71.7446,90.09,57,7,17.22,clear sky
423,Brunswick,US,41.2381,-81.8418,83.05,67,40,5.99,scattered clouds
424,Jimma,ET,7.6667,36.8333,59.05,98,100,2.37,light rain
425,Yumen,CN,40.2833,97.2,74.91,24,0,11.72,clear sky
426,Plouzane,FR,48.3833,-4.6167,62.69,94,90,23.02,overcast clouds
427,Kalmunai,LK,7.4167,81.8167,79.79,76,87,4.36,overcast clouds
428,Gadarwara,IN,22.9167,78.7833,74.21,90,100,14.07,overcast clouds
429,Grajau,BR,-5.8194,-46.1386,82.0,47,31,3.65,scattered clouds
430,Cheyenne,US,41.14,-104.8203,91.96,39,20,14.97,few clouds
431,Clifton,US,40.8584,-74.1638,74.68,89,90,1.01,thunderstorm with rain
432,Verkhoyansk,RU,67.5447,133.385,60.35,41,46,1.54,scattered clouds
433,Vao,NC,-22.6667,167.4833,71.58,62,82,10.11,broken clouds
434,Mahajanga,MG,-15.7167,46.3167,75.22,57,20,9.22,few clouds
435,Belaya Gora,RU,68.5333,146.4167,51.64,51,100,4.27,overcast clouds
436,Malatya,TR,38.5,38.0,69.85,43,0,5.75,clear sky
437,Juterbog,DE,51.9833,13.0833,65.7,69,21,5.77,few clouds
438,Bichura,RU,50.5881,107.6022,57.97,98,100,5.32,overcast clouds
439,Tynda,RU,55.1667,124.7167,59.14,75,13,6.24,few clouds
440,Bata,GQ,1.8639,9.7658,76.17,85,40,3.33,light rain
441,Khash,IR,28.2211,61.2158,79.93,13,14,4.21,few clouds
442,Thouars,FR,46.976,-0.2151,61.14,88,3,7.36,clear sky
443,Alice Springs,AU,-23.7,133.8833,62.15,39,0,6.91,clear sky
444,Zheleznogorsk,RU,52.331,35.3711,66.2,81,35,6.8,scattered clouds
445,San Cristobal,VE,7.7669,-72.225,80.78,87,56,5.03,broken clouds
446,Virginia Beach,US,36.8529,-75.978,90.01,69,75,14.97,broken clouds
447,Muscatine,US,41.4667,-91.1335,90.14,57,1,1.01,clear sky
448,Nanortalik,GL,60.1432,-45.2371,46.15,84,92,15.84,overcast clouds
449,Ostrovnoy,RU,68.0531,39.5131,41.5,89,53,5.61,broken clouds
450,Soure,BR,-0.7167,-48.5233,78.24,87,22,8.99,few clouds
451,Sri Aman,MY,1.2376,111.4621,73.45,94,100,3.44,light rain
452,Newark,US,40.7357,-74.1724,75.65,91,90,5.99,thunderstorm with light rain
453,Yar-Sale,RU,66.8333,70.8333,47.57,98,97,9.46,overcast clouds
454,Shaunavon,CA,49.6501,-108.4181,87.58,33,64,14.38,broken clouds
455,Peleduy,RU,59.6289,112.7406,65.16,44,4,7.9,clear sky
456,Oktyabrskiy,RU,54.4815,53.471,67.48,59,100,10.09,overcast clouds
457,Takoradi,GH,4.8845,-1.7554,75.87,87,40,8.37,scattered clouds
458,Khudumelapye,BW,-23.8833,24.75,50.36,35,0,6.2,clear sky
459,Zandvoort,NL,52.3749,4.5341,62.94,75,0,10.36,clear sky
460,Ust-Ilimsk,RU,58.0006,102.6619,61.99,88,89,3.09,overcast clouds
461,Qinggang,CN,46.6833,126.0833,73.89,73,100,3.36,overcast clouds
462,Venado Tuerto,AR,-33.7456,-61.9688,44.76,46,0,7.07,clear sky
463,Saint-Paul,RE,-21.0096,55.2707,68.11,78,69,2.93,broken clouds
464,Hearst,CA,49.6835,-83.6665,57.45,48,100,9.84,overcast clouds
465,Saint-Denis,FR,48.9167,2.3333,64.18,71,0,2.3,clear sky
466,Gwadar,PK,25.1216,62.3254,81.88,87,100,6.17,overcast clouds
467,Lewiston,US,44.1003,-70.2148,67.46,97,90,3.44,light rain
468,Santa Ines,BR,-3.6667,-45.38,79.14,73,73,5.28,broken clouds
469,Faanui,PF,-16.4833,-151.75,78.57,75,69,11.52,light rain
470,Sistranda,NO,63.7256,8.834,57.16,85,64,15.05,broken clouds
471,Jurm,AF,36.8648,70.8342,65.52,43,16,1.45,few clouds
472,Krasnokholmskiy,RU,55.9873,55.0466,61.12,87,100,6.02,moderate rain
473,Kang,BW,-23.6752,22.7876,49.87,34,0,6.58,clear sky
474,Correntina,BR,-13.3433,-44.6367,74.01,33,0,3.71,clear sky
475,Saint-Felicien,CA,48.6501,-72.4491,65.08,82,90,5.75,overcast clouds
476,Zabol,AF,32.25,67.25,72.25,17,7,12.37,clear sky
477,Kapoeta,SS,4.7717,33.5903,74.08,60,81,4.99,broken clouds
478,Gornyak,RU,50.9942,81.4661,55.4,62,52,4.99,broken clouds
479,Savannah Bight,HN,16.45,-85.85,86.05,77,89,18.23,overcast clouds
480,Pangnirtung,CA,66.1451,-65.7125,48.2,87,1,11.5,clear sky
481,Waw,SS,7.7029,27.9953,71.11,95,100,3.91,overcast clouds
482,Bonthe,SL,7.5264,-12.505,76.82,79,79,5.53,broken clouds
483,Ballina,AU,-28.8667,153.5667,54.79,62,0,6.91,clear sky
484,Acajutla,SV,13.5928,-89.8275,98.94,72,86,3.62,overcast clouds
485,Vitim,RU,59.4511,112.5578,64.45,45,4,7.38,clear sky
486,Brownsville,US,25.9018,-97.4975,89.6,66,75,7.0,broken clouds
487,Tarnos,FR,43.5417,-1.4628,68.61,83,90,5.75,overcast clouds
488,Bonito,BR,-21.1211,-56.4819,49.64,24,33,4.12,scattered clouds
489,Kavaratti,IN,10.5669,72.642,82.33,76,100,15.97,overcast clouds
490,Marathon,US,44.9,-89.7668,81.25,50,20,11.5,haze
491,Nsanje,MW,-16.92,35.262,61.83,70,61,2.35,broken clouds
492,Paraguacu,BR,-21.5472,-45.7375,48.06,34,20,3.15,few clouds
493,Vestmannaeyjar,IS,63.4427,-20.2734,56.16,88,92,6.53,overcast clouds
494,Tonekabon,IR,36.8163,50.8738,71.55,82,98,4.85,overcast clouds
495,Zhangye,CN,38.9342,100.4517,74.03,24,0,5.66,clear sky
496,Nara,JP,34.6851,135.8049,85.96,94,44,1.63,scattered clouds
497,Abu Dhabi,AE,24.4667,54.3667,93.31,84,90,5.75,overcast clouds
498,Bengkulu,ID,-3.8004,102.2655,74.39,91,35,4.99,scattered clouds
499,Canakkale,TR,40.0833,26.8333,77.61,51,0,3.47,clear sky
500,Grand-Santi,GF,4.25,-54.3833,72.48,97,53,1.48,very heavy rain
501,Palasa,IN,18.7667,84.4167,77.58,81,100,7.05,overcast clouds
502,North Bend,US,43.4065,-124.2243,96.94,88,1,23.02,mist
503,Hoshangabad,IN,22.75,77.7167,73.8,94,100,10.92,moderate rain
504,Tatawin,TN,32.9297,10.4518,79.97,40,0,5.95,clear sky
505,Najran,SA,17.4924,44.1277,84.85,38,81,5.32,broken clouds
506,Hay River,CA,60.8156,-115.7999,71.56,64,75,8.05,broken clouds
507,Hope,US,33.6671,-93.5916,98.65,33,35,3.11,scattered clouds
508,Kano,NG,12.0001,8.5167,77.14,76,91,5.57,light rain
509,Williams Lake,CA,52.1415,-122.1445,83.77,24,20,3.0,few clouds
510,Namatanai,PG,-3.6667,152.4333,82.33,76,60,3.89,light rain
511,Nizwa,OM,22.9333,57.5333,91.71,38,96,5.08,overcast clouds
512,Eyl,SO,7.9803,49.8164,77.99,69,92,23.55,overcast clouds
513,Ola,RU,59.5833,151.2833,53.64,49,2,13.58,clear sky
514,Kiunga,PG,-6.1219,141.2906,71.1,99,100,0.96,overcast clouds
515,Levelland,US,33.5873,-102.378,92.19,31,43,10.02,scattered clouds
516,Mathbaria,BD,22.2876,89.9593,78.84,91,100,8.01,overcast clouds
517,Ortigueira,BR,-24.2083,-50.9494,38.03,56,25,0.29,scattered clouds
518,Metro,ID,-5.1131,105.3067,71.42,93,4,3.91,clear sky
519,Parung,ID,-6.4214,106.7331,79.56,74,7,4.18,clear sky
520,Svetlogorsk,BY,52.6333,29.7333,63.27,98,24,6.22,few clouds
521,Asau,RO,46.4333,26.4,68.76,88,0,4.07,clear sky
522,Kikwit,CD,-5.041,18.8162,76.14,26,32,2.08,scattered clouds
523,Wah,PK,33.798,72.6957,82.0,76,36,5.23,scattered clouds
524,Horsham,GB,51.064,-0.3272,62.49,69,0,3.44,clear sky
525,Chokwe,MZ,-24.5333,32.9833,60.04,66,0,4.97,clear sky
526,Ovalle,CL,-30.5983,-71.2003,61.02,40,0,2.8,clear sky
527,Cap Malheureux,MU,-19.9842,57.6142,68.49,83,44,10.0,light rain
528,Yeppoon,AU,-23.1333,150.7333,62.38,56,0,13.04,clear sky
529,Ordynskoye,RU,54.3656,81.8994,50.67,94,36,6.08,scattered clouds
530,Port Arthur,CN,38.8,121.2667,79.02,88,39,17.54,light rain
531,Mungwi,ZM,-10.1732,31.3694,52.11,58,0,4.18,clear sky
532,Durango,MX,24.8333,-104.8333,71.74,47,79,15.28,broken clouds
533,Bor,RU,56.3567,44.0669,64.33,96,63,5.68,broken clouds
534,Martapura,ID,-3.4167,114.85,73.49,100,40,2.3,scattered clouds
535,Tucuman,AR,-26.8241,-65.2226,57.2,47,0,4.61,smoke
536,Toyooka,JP,35.5333,134.8333,77.11,77,8,1.05,clear sky
537,Sioux Lookout,CA,50.1001,-91.917,70.18,34,20,10.36,smoke
538,Ochakiv,UA,46.6128,31.5498,73.54,63,55,12.12,broken clouds
539,Qandala,SO,11.472,49.8728,88.84,49,26,27.54,scattered clouds
540,Champerico,GT,14.3,-91.9167,83.35,74,91,1.68,overcast clouds
541,Kysyl-Syr,RU,63.8986,122.7617,64.51,45,57,0.87,broken clouds
542,Mildura,AU,-34.2,142.15,47.07,61,90,11.5,overcast clouds
543,Shubarshi,KZ,48.5872,57.1869,67.55,38,20,7.54,few clouds
544,Sinnamary,GF,5.3833,-52.95,78.67,82,0,5.99,clear sky
545,Greenwood,US,34.1668,-82.1165,95.11,54,1,5.75,clear sky
546,Staritsa,RU,56.5075,34.9354,63.68,86,100,4.47,overcast clouds
547,Gat,IL,31.61,34.7642,80.4,77,0,4.03,clear sky
548,Baglung,NP,28.2719,83.5898,71.04,93,89,0.34,overcast clouds
549,Evensk,RU,61.95,159.2333,47.53,70,100,10.18,light rain
550,Ugoofaaru,MV,5.6667,73.0,82.17,75,29,11.41,scattered clouds
551,Amalapuram,IN,16.5833,82.0167,79.7,75,100,7.87,moderate rain
552,Klaksvik,FO,62.2266,-6.589,52.72,96,99,14.61,overcast clouds
553,Haines Junction,CA,60.7522,-137.5108,66.15,48,18,4.61,few clouds
554,Key West,US,24.5557,-81.7826,93.2,56,20,5.75,few clouds
555,Inuvik,CA,68.3499,-133.7218,70.56,54,75,5.75,broken clouds
556,Bubaque,GW,11.2833,-15.8333,78.22,82,100,10.87,light rain
557,Uvalde,US,29.3669,-99.767,94.32,30,40,16.11,scattered clouds
558,Ardesen,TR,41.1911,40.9875,73.36,73,12,4.65,few clouds
559,Tautira,PF,-17.7333,-149.15,82.42,78,54,3.56,light rain
560,Aranos,NA,-24.1333,19.1167,48.78,36,0,11.34,clear sky
561,Luganville,VU,-15.5333,167.1667,81.03,77,16,2.91,few clouds
562,Shushtar,IR,32.0455,48.8567,95.05,11,0,2.84,clear sky
563,Beloha,MG,-25.1667,45.05,67.68,70,40,8.21,scattered clouds
564,Lethem,GY,3.3803,-59.7968,72.73,94,91,2.89,overcast clouds
565,Kerouane,GN,9.2667,-9.0167,68.36,93,96,2.39,overcast clouds
566,Aguas Vermelhas,BR,-15.7472,-41.46,70.14,54,12,7.23,few clouds
567,Bang Saphan,TH,11.2126,99.5117,78.84,80,99,7.61,light rain
568,Dunedin,NZ,-45.8742,170.5036,45.81,89,88,15.01,overcast clouds
569,Douentza,ML,14.9951,-2.9517,88.56,48,33,9.22,scattered clouds
570,Oranmore,IE,53.2683,-8.92,57.16,88,100,8.72,overcast clouds
571,Yuryevets,RU,57.3201,43.1041,61.52,93,77,8.01,broken clouds
572,Vila,PT,42.0304,-8.1588,58.75,81,0,2.42,clear sky
573,Dhidhdhoo,MV,6.8833,73.1,82.92,72,37,12.97,scattered clouds
574,Vangaindrano,MG,-23.35,47.6,67.06,82,99,2.51,overcast clouds
575,Santo Antonio Do Taua,BR,-1.1519,-48.1294,78.75,98,49,3.56,heavy intensity rain
576,Kabo,CF,7.6994,18.629,70.11,95,69,3.2,light rain
577,Kondinskoye,RU,59.6481,67.41,41.67,93,22,7.72,few clouds
578,Santa Cruz De Tenerife,ES,28.4682,-16.2546,75.72,95,75,7.0,broken clouds
579,Solton,RU,52.8429,86.4787,52.74,76,81,1.68,broken clouds
580,Sao Francisco Do Sul,BR,-26.2433,-48.6381,50.36,81,0,3.44,clear sky
581,Vanimo,PG,-2.6741,141.3028,79.77,88,64,3.98,broken clouds
582,Xam Nua,LA,20.4197,104.0439,68.99,99,100,2.71,overcast clouds
583,Bongandanga,CD,1.5,21.05,73.9,67,49,2.21,scattered clouds
584,Banda Aceh,ID,5.5577,95.3222,81.43,75,100,13.94,heavy intensity rain
585,Iwaki,JP,37.05,140.8833,82.76,86,75,4.81,broken clouds
586,Tall Kayf,TR,37.0833,41.0667,89.38,24,0,8.9,clear sky
587,Anito,PH,12.4497,125.2886,83.17,77,97,8.1,overcast clouds
588,Gobabis,NA,-22.45,18.9667,49.41,34,0,10.58,clear sky
589,Akdepe,TM,42.0551,59.3788,71.69,36,14,8.46,few clouds
590,La Romana,DO,18.4273,-68.9728,88.16,62,20,17.27,few clouds
591,Elbistan,TR,38.2059,37.1983,64.42,61,0,3.85,clear sky
592,Devonport,AU,-41.1667,146.35,52.09,81,30,14.79,scattered clouds
593,Mount Isa,AU,-20.7333,139.5,67.77,40,0,0.0,clear sky
594,Moreno Valley,US,33.9375,-117.2306,103.68,25,1,7.0,clear sky
595,Bolshaya Sosnova,RU,57.6713,54.6029,57.45,98,99,6.51,overcast clouds
596,Cao Bang,VN,22.6667,106.25,76.66,96,85,2.44,overcast clouds
597,Betanzos,ES,43.2804,-8.2147,66.09,82,75,2.3,broken clouds
598,Coos Bay,US,43.3665,-124.2179,99.86,88,1,23.02,mist
599,Perevoz,RU,55.5961,44.5446,61.68,96,42,6.67,scattered clouds
600,Homer,US,59.6425,-151.5483,60.08,70,90,6.91,overcast clouds
601,Nouadhibou,MR,20.931,-17.0347,69.78,88,95,16.11,overcast clouds
602,Huarmey,PE,-10.0681,-78.1522,66.51,80,36,8.84,scattered clouds
603,Ust-Ishim,RU,57.6935,71.1665,45.91,99,78,4.97,broken clouds
604,Xuddur,SO,4.1213,43.8894,68.4,77,79,19.15,broken clouds
605,Pimenta Bueno,BR,-11.6725,-61.1936,70.29,33,5,4.56,clear sky
606,Preobrazheniye,RU,42.9019,133.9064,76.73,76,99,4.76,overcast clouds
607,Tamiahua,MX,21.2667,-97.45,86.5,62,100,12.59,overcast clouds
608,Novyy Urengoy,RU,66.0833,76.6333,52.72,85,95,10.54,overcast clouds
609,Imeni Poliny Osipenko,RU,52.4201,136.4853,59.86,84,86,14.18,overcast clouds
610,Great Falls,US,47.5002,-111.3008,94.39,23,1,8.05,clear sky
611,Qinzhou,CN,21.95,108.6167,82.22,86,100,0.43,overcast clouds
612,Jalu,LY,29.0331,21.5482,81.59,51,0,12.01,clear sky
613,Syracuse,IT,37.0881,15.2792,88.9,45,0,4.72,clear sky
614,Kangaatsiaq,GL,68.3065,-53.4641,45.93,82,84,8.23,broken clouds
615,Jumla,NP,29.2747,82.1838,63.66,96,98,2.01,overcast clouds
616,Santo Antonio Do Ica,BR,-3.1022,-67.9397,77.86,72,74,2.37,broken clouds
617,Wanning,CN,18.8003,110.3967,80.58,85,98,7.65,overcast clouds
618,Muli,MV,2.9167,73.5667,81.63,74,84,8.63,broken clouds
619,Garden City,US,42.3256,-83.331,87.75,61,75,10.36,broken clouds
620,Inhambane,MZ,-23.865,35.3833,65.35,72,0,4.92,clear sky
621,Salta,AR,-24.7859,-65.4117,49.57,50,20,3.0,few clouds
622,Carupano,VE,10.6678,-63.2585,76.28,88,99,8.81,overcast clouds
623,Tazovskiy,RU,67.4667,78.7,50.41,95,11,12.88,light rain
624,Hamilton,US,39.1834,-84.5333,86.99,75,75,1.01,broken clouds
625,Batagay,RU,67.6333,134.6333,60.22,43,41,2.1,scattered clouds
626,Muroto,JP,33.2833,134.15,78.84,75,0,3.29,clear sky
627,Beboto,TD,8.2668,16.939,70.3,96,37,3.44,scattered clouds
628,Ginir,ET,7.1333,40.7,59.05,72,97,10.58,overcast clouds
629,Chifeng,CN,42.2683,118.9636,66.18,98,100,8.01,light rain
630,Nizhniy Odes,RU,63.6445,54.856,44.08,86,98,2.53,overcast clouds
631,Westport,US,41.1415,-73.3579,74.98,92,90,1.01,moderate rain
632,Golyshmanovo,RU,56.3979,68.3728,49.59,85,87,7.45,overcast clouds
633,Batticaloa,LK,7.7102,81.6924,79.52,71,98,8.08,overcast clouds
634,Moroni,KM,-11.7022,43.2551,74.43,75,5,13.24,clear sky
635,Ryotsu,JP,38.0833,138.4333,80.56,81,8,4.85,clear sky
636,Lata,PT,40.1629,-8.3327,62.04,97,2,1.88,clear sky
637,Koutiala,ML,12.3917,-5.4642,74.25,91,100,10.63,overcast clouds
638,Viesca,MX,25.35,-102.8,89.37,31,40,18.41,scattered clouds
639,Santa Cruz,BO,-17.8,-63.1667,63.86,34,75,9.22,broken clouds
640,Terre Haute,US,39.4667,-87.4139,88.45,77,75,1.01,broken clouds
641,Fallon,US,39.4735,-118.7774,97.45,13,75,5.75,broken clouds
642,Ekhabi,RU,53.5102,142.9671,61.68,99,100,1.81,light rain
643,Piacabucu,BR,-10.4056,-36.4344,72.77,87,5,6.53,clear sky
644,Ahuimanu,US,21.4447,-157.8378,87.51,62,40,13.8,scattered clouds
645,Talitsa,RU,56.8804,60.0213,55.94,77,87,6.93,overcast clouds
646,Meadow Lake,US,34.8014,-106.5436,92.68,26,56,18.77,broken clouds
647,Pusad,IN,19.9,77.5833,74.46,81,100,9.78,overcast clouds
648,Faizpur,IN,21.1667,75.85,77.07,81,100,10.51,overcast clouds
649,Palana,RU,59.1167,159.9667,47.91,72,47,11.39,scattered clouds
650,Paraiso,CR,9.8383,-83.8656,75.11,89,58,2.86,broken clouds
651,Matara,LK,5.9485,80.5353,78.64,88,65,11.36,broken clouds
652,Dabat,ET,12.9842,37.765,54.57,96,100,2.95,light rain
653,Panzhihua,CN,26.5851,101.7128,71.49,90,98,0.74,overcast clouds
654,Kolokani,ML,13.5728,-8.0339,75.92,85,89,7.63,overcast clouds
655,Porto Walter,BR,-8.2686,-72.7439,71.51,52,14,5.66,few clouds
656,Meulaboh,ID,4.1363,96.1285,75.25,86,100,4.94,overcast clouds
657,Shitanjing,CN,39.2342,106.3439,76.6,25,0,3.22,clear sky
658,Lagos,NG,6.5833,3.75,79.12,85,32,3.13,scattered clouds
659,Lazaro Cardenas,MX,17.9583,-102.2,85.39,70,92,8.7,overcast clouds
660,Posse,BR,-14.0931,-46.3694,70.63,39,12,3.62,few clouds
661,Maues,BR,-3.3836,-57.7186,83.53,41,55,1.77,broken clouds
662,Yichang,CN,30.7144,111.2847,76.91,87,2,3.4,light rain
663,Gifhorn,DE,52.4833,10.55,61.12,68,75,5.75,broken clouds
664,Obregon,NI,11.9566,-85.9636,91.49,67,56,11.45,broken clouds
665,Warrington,GB,53.3925,-2.5802,59.36,87,0,2.3,clear sky
666,Malmo,SE,55.6059,13.0007,61.47,78,80,25.84,broken clouds
667,Forio,IT,40.7342,13.8646,83.82,88,0,1.99,clear sky
668,Baghdad,IQ,33.3406,44.4009,93.11,27,0,9.22,clear sky
669,Muros,ES,42.7762,-9.0603,63.99,78,9,4.65,clear sky
670,Disna,BY,55.568,28.1971,60.01,91,8,6.46,clear sky
671,Keita,NE,14.7551,5.7749,83.88,62,53,5.66,broken clouds
672,Ormara,PK,25.2088,64.6357,81.72,85,100,11.59,overcast clouds
673,Agropoli,IT,40.3469,14.9966,84.52,41,0,3.56,clear sky
674,Quelimane,MZ,-17.8786,36.8883,64.29,86,68,3.13,broken clouds
675,Alta Floresta,BR,-9.8756,-56.0861,71.44,42,1,4.68,clear sky
676,Katherine,AU,-14.4667,132.2667,66.52,72,4,2.3,clear sky
677,Vanavara,RU,60.34,102.2797,64.63,53,38,6.13,scattered clouds
678,Prince Rupert,CA,54.3161,-130.3201,69.89,76,90,3.44,overcast clouds
679,Okhotsk,RU,59.3833,143.3,60.66,48,97,13.09,overcast clouds
